Name,Gender,Favorite Color,Favorite Flavor,Food Finickiness,Signature Moves,External Texture List,Palette,Breed Face,GUID,Breed Personality,Owner Name,Adoption Date,Generations,Gender,Blood Status,Ancestors,Full Tree,Tree Trimmed,Inbred %,Generations Stored in Tree,Mom,Dad,Profile Comment,Liveliness Center,Liveliness Range,Playfulness Center,Playfulness Range,Independence Center,Independence Range,Confidence Center,Confidence Range,Naughtiness Center,Naughtiness Range,Acrobaticness Center,Acrobaticness Range,Patience Center,Patience Range,Kindness Center,Kindness Range,Nurturing Center,Nurturing Range,Finickiness Center,Finickiness Range,Intelligence Center,Intelligence Range,Messiness Center,Messiness Range,Quirkiness Center,Quirkiness Range,Insanity Center,Insanity Range,Constitution Center,Constitution Range,Metabolism Center,Metabolism Range,Dogginess Center,Dogginess Range,LoveDestiny Center,LoveDestiny Range,Fertility Center,Fertility Range,LoveLoyalty Center,LoveLoyalty Range,Libido Center,Libido Range,OffspringSex Center,OffspringSex Range,Is Neutered?,With Child?,Is Pregnant?
Curly Fries,Male,red; green,turkey; milk; catnip; soft,Dislikes only cheese,1,None,None,Maine Coon,2d87ddc-362d8040-832f2bf3-7fa45280,Chinchilla Persian,SWKManda,8/20/2024 5:15:44 am,371,Male,Mixed Breed,3018,false,true,90.1921802518224,15,Leaf,Dandelion,,86,4,100,40,0,25,54,32,6,39,93,4,89,13,14,44,90,33,16,18,49,31,14,16,0,45,0,29,38,13,38,20,50,41,1,0,100,33,0,24,53,21,50,39,Not spayed/neutered,None,Not pregnant
Dusty,Male,red; blue,chicken; fish,No food finickiness,1,None,None,Tabby,d2997d4-2685fc4f-91a8afc9-5ecadc95,Tabby,Prism,1/3/2021 12:18:31 pm,2,Male,Mixed Breed,2,true,false,0,2,Cinnamon,Opera,,97,46,100,44,8,31,97,44,71,20,3,39,93,37,86,13,97,42,8,37,43,20,16,14,6,14,0,10,52,33,67,11,50,35,1,0,100,12,0,46,39,23,50,4,Not spayed/neutered,None,Not pregnant
Flufflet,Male,red; yellow,beef,No food finickiness,1,None,None,Great Dane,a2faf7b5-86948546-9bf4549c-80a1a18,Lurcher_playsafe,Prism,10/15/2021 4:24:29 pm,2,Male,Mixed Breed,2,true,false,0,2,f2,sheppo,,41,10,90,24,12,11,39,27,50,21,2,20,86,25,86,33,92,45,0,11,0,23,16,19,0,33,0,26,31,20,12,28,100,2,1,0,100,5,0,30,55,26,50,8,Not spayed/neutered,None,Not pregnant
Fully Loaded,Male,red,chicken; turkey; catnip,No food finickiness,01; 24,None,None,Persian,addbd42f-96c6a4f-916bfb72-718055b7,Honey Bear,Tea,1/20/2025 7:18:29 pm,497,Male,Mixed Breed,162,false,true,65.4320987654321,10,Potato,Peppercorn,,50,8,65,6,17,17,50,11,54,11,29,23,9,3,99,29,87,22,13,8,38,26,14,18,0,24,0,36,40,29,38,28,0,9,1,0,100,3,0,27,40,42,50,24,Not spayed/neutered,None,Not pregnant
Julienne,Male,red; green,chicken; fish; catnip,Dislikes only cheese,1,(6) \resource\catz\mainecoon\mainestripe13.bmp | \resource\catz\mainecoon\mainestripe11.bmp | \resource\catz\mainecoon\maine13.bmp | \resource\catz\mainecoon\mainestripe16.bmp | \resource\catz\mainecoon\maine16.bmp | \resource\catz\mainecoon\mainestripe14.bmp,None,Persian,585650ce-1a20c04e-8ba36b3c-5b3c5668,Maine Coon,Tea,1/20/2025 7:18:20 pm,497,Male,Mixed Breed,162,false,true,65.4320987654321,10,Potato,Peppercorn,,6,31,81,24,33,13,50,15,50,14,29,23,29,3,94,29,87,22,13,8,38,26,18,16,0,40,0,16,40,25,16,26,0,12,1,0,100,28,0,31,51,10,50,38,Not spayed/neutered,None,Not pregnant
Nougat,Male,red; blue,chicken; turkey,No food finickiness,1,None,None,Russian Blue,21e34f3e-4f522947-ba676d94-cc6987c9,Persian,doodle,8/2/2024 1:0:12 am,688,Male,Mixed Breed,51080,false,true,94.4283476898982,42,Spherical,Grizzleby,,83,25,81,17,2,17,72,35,49,24,45,23,89,26,6,17,81,27,19,25,64,31,8,39,5,25,0,36,62,25,56,34,0,23,1,0,100,21,0,32,42,28,50,20,Not spayed/neutered,None,Not pregnant
Pippo,Female,green; yellow,milk; catnip; cheese,Dislikes only cheese,01; 03,None,None,B+W Shorthair,4aaa19cf-927eca4c-a324d171-769220da,Chinchilla Persian,gyiyg,4/22/2021 4:15:0 am,7,Female,Mixed Breed,54,false,false,0,7,Tiny,Ben,,50,19,94,23,34,19,73,19,13,17,29,24,99,20,92,39,95,15,5,36,63,26,20,32,2,40,0,27,23,24,70,26,2,22,1,0,100,24,0,4,58,19,50,11,Unknown,None,Not pregnant
Potato,Female,red; green,fish; turkey,Dislikes only cheese,01; 24,(6) \resource\catz\mainecoon\mainestripe13.bmp | \resource\catz\mainecoon\mainestripe11.bmp | \resource\catz\mainecoon\maine13.bmp | \resource\catz\mainecoon\mainestripe16.bmp | \resource\catz\mainecoon\maine16.bmp | \resource\catz\mainecoon\mainestripe14.bmp,None,Chinchilla Persian,a33572b8-2e84364f-85154bf9-db32bf12,Chinchilla Persian,RatBard,5/23/2021 8:15:57 pm,496,Female,Mixed Breed,160,false,true,66.25,9,Daydreamer,Max,,12,18,71,15,50,9,69,8,17,20,27,24,50,20,84,31,83,15,11,14,52,40,16,22,0,23,0,36,40,36,68,10,0,30,1,0,100,10,0,46,68,30,50,34,Not spayed/neutered,None,Not pregnant
Snoodle,Male,pink,chicken,Only likes 1 flavor,25,None,None,Poodle,8f3cbb3a-7d874347-bbd53acd-f2d779,Poodle,Prism,5/2/2023 12:5:25 pm,1,Male,Purebred,0,true,false,0,1,None,None,,13,29,18,5,88,27,84,45,76,2,8,40,10,16,1,33,91,9,83,31,95,31,11,23,0,31,0,28,49,24,45,13,100,20,1,0,100,25,0,39,51,44,50,25,Not spayed/neutered,None,Not pregnant
